teamFotmobId,team_name
1567,Santa Clara
1569,Kocaelispor
1578,UCD
1581,Slaven Belupo
1583,WSG Swarovski Tirol
1588,Levadia
1603,Barry Town United
1626,Remo
1627,Finn Harps
1629,Bray Wanderers
1634,Famalicão
1667,Zalaegerszegi TE
1670,Bohemians 1905
1672,Příbram
1673,Zbrojovka Brno
1675,Radnički Kragujevac
1693,KuPS
1703,Cliftonville
1712,Hradec Králové
1713,Opava
1734,Homburg
1739,Mladost Lučani
1753,Cultural Leonesa
1757,América Mineiro
1773,OH Leuven
1785,UD Oliveirense
1831,Hapoel Rishon LeZion
1832,Maccabi Netanya
1836,Cerro
1838,Progreso
1841,León
1842,Necaxa
1844,Oriente Petrolero
1845,Cienciano
1848,Sporting Cristal
1850,Emelec
1853,Dundalk
1854,St. Patrick's Ath.
1860,Zlín
1862,Aluminij
1889,AVS 
1891,La Serena
1892,Wilstermann
1893,Guaraní
1894,Tolima
1896,Deportivo Táchira
1907,St. Pölten
1915,Liefering
1921,Sturm Graz II
1925,Göztepe
1926,Adana Demirspor
1931,Antalyaspor
1933,İstanbul Başakşehir
1937,Crusaders
1943,Querétaro
1946,Pumas UNAM
1949,Vysočina Jihlava
1952,Rapid Wien II
1954,Wolfsberger AC
1956,Glenavon
1957,Jagiellonia Białystok
1967,Vasalund
2004,Östersunds FK
2014,Norrby
2015,Oskarshamns AIK
2021,Slovácko
2030,First Vienna
2035,Nyíregyháza Spartacus
2088,Fatih Karagümrük
2090,Sarıyer
2095,Ironi Kiryat Shmona
2096,Hapoel Raanana
2097,Maccabi Herzliya
2103,Shamakhi FK
2106,FK Auda
2118,Zhetysu
2120,Kyzyl-Zhar
2125,Kaisar
2127,Ordabasy
2128,Okzhetpes
2134,AEL
2136,Aris
2137,Pafos
2143,LNZ Cherkasy
2165,KA
2166,Rizespor
2171,Primorje
2172,Mura
2182,Lech Poznań
2186,Cracovia Kraków
2193,Connah's Quay
2194,Haverfordwest County
2198,Caernarfon Town
2201,Cork City
2202,Coleraine
2203,Glentoran
2206,Larne
2215,Bnei Yehuda
2216,Torpedo Kutaisi
2217,Dila
2218,Kolkheti Poti
2252,Trans
2254,Junior
2280,Kazincbarcika
2305,KFUM
2349,Atyrau
2361,Gnistan
2378,Athlone Town
2383,Cobh Ramblers
2391,Javor Ivanjica
2393,Bahlinger SC
2404,Hanácká
2406,Pardubice
2433,Blau-Weiß Linz
2437,Podbrezová
2442,Stade Nyonnais
2476,Diósgyőr
2488,Boreham Wood
2517,Quevilly Rouen
2527,The Strongest
2528,Medellín
2529,Al Hilal
2530,Al Ahli
2564,Velbert
4023,Katowice
4024,Raków Częstochowa
4031,Zamora
4032,Mirandés
4033,Sabadell
4047,Hornchurch
4055,Cobresal
4056,Huachipato
4058,Audax Italiano
4062,Coquimbo Unido
4063,Ballymena United
4064,Feirense
4081,Gaziantep
4116,Almere City
4120,Rodez 
4124,Sakaryaspor
4125,Hapoel Nof HaGalil
4126,Enosis
4131,Shamrock Rovers
4137,Olympic Charleroi
4144,Deportivo Cuenca
4146,Kuressaare
4147,Tartu Tammeka
4150,Kapaz
4170,Boulogne
4177,Beijing Guoan
4183,Qingdao Hainiu
4189,Tianjin Tigers
4201,Grorud
4397,Kashima Antlers
4398,RB Omiya Ardija
4399,Tokyo
4401,Atlético Bucaramanga
4402,Envigado
4403,Millonarios
4404,Deportivo Pereira
4405,Deportivo Pasto
4408,Unión Magdalena
4409,Universitario
4410,Alianza Atlético
4412,Sport Boys
4417,Melgar
4424,Miramar Misiones
4425,Albirex Niigata
4426,Shimizu S-Pulse
4427,Oita Trinita
4438,Hammarby Talang
4449,Oulu
4454,Dover Athletic
4493,Levadiakos
4530,Mamelodi Sundowns
4531,Vizela
4569,Longford Town
4594,Bohemians
4615,Dungannon Swifts
4616,Žalgiris
4617,Neftchi
4622,Celje
4662,Spartak Trnava
4669,Plaza Colonia
4674,Turan-T
4675,Boluspor
4678,Alanyaspor
4681,Eyüpspor
4685,Kasımpaşa
4688,Vissel Kobe
4692,Cerezo Osaka
4721,Teplice
4722,Egersund
5733,Ústí nad Labem
5751,Shelbourne
5755,Győri ETO
5762,Merthyr Town
5763,Braintree Town
5764,Leamington
5769,Radomiak Radom
5772,Koper
5983,Bolívar
6001,Columbus Crew
6004,Farense
6017,Víkingur Reykjavík
6019,Slovan Bratislava
6022,Žilina
6024,Once Caldas
6033,Viktoria Plzeň
6038,Istra 1961
6040,Giugliano
6042,Waterford FC
6043,Racing
6049,Vis Pesaro
6050,Napredak Kruševac
6061,Gubbio
6063,Cavese
6071,Forlì
6072,Oleksandria
6092,Busan I'Park
6095,Bath City
6096,Viktoria Žižkov
6097,Trento
6099,Potenza
6106,Juve Stabia
6119,Husqvarna
6153,Skövde AIK
6160,Oddevold
6162,Torslanda
6170,Rosengård
6174,Lund
6180,Shonan Bellmare
6181,Värnamo
6183,Trollhättan
6189,Gateshead
6193,Dinamo Batumi
6194,Västerås SK
6200,Gütersloh
6203,Ashdod
6223,Tokyo Verdy
6224,Sanfrecce Hiroshima
6230,Melbourne Victory
6238,Eskilstuna
6241,Sandviken
6243,Anorthosis
6244,Urawa Reds
6246,Bourg-en-Bresse
6255,Boyacá Chicó
6258,Alfreton Town
6265,Sivasspor
6266,Benevento
6269,Novara
6279,Kaizer Chiefs
6280,Hapoel Kfar Saba
6291,Fram
6295,Cerro Porteño
6296,O'Higgins
6304,Kawasaki Frontale
6305,Sport Recife
6308,Kolding IF
6310,Universidad de Chile
6314,Weston-super-Mare
6315,AFC Telford United
6335,Alajuelense
6343,Stjarnan
6345,Pyunik
6350,Barrow
6351,Eupen
6355,Pau
6358,Atlético de San Luis
6361,Sligo Rovers
6362,Baník Ostrava
6363,Liège
6366,Etoile du Sahel
6368,Atlético Nacional
6374,Čukarički
6379,Paris
6387,Deportivo Cali
6390,Red Star
6397,Chicago Fire
6398,Alianza Lima
6399,Dallas
6401,Changchun Yatai
6403,Paços de Ferreira
6406,Vojvodina
6410,Radnički Niš
6413,PEC Zwolle
6414,Telstar
6416,Eindhoven
6417,Helmond Sport
6421,Leixões
6422,Fortuna Sittard
6432,Slough Town
6433,Go Ahead Eagles
6447,Yverdon Sport
6452,Lumezzane
6454,Newcastle Jets
6455,Palestino
6456,Cosenza
6457,Ternana
6458,Universidad Católica
6460,Casarano
6461,Sigma Olomouc
6466,Foggia
6479,Pisa
6480,Salernitana
6485,Cittadella
6488,Carrarese
6493,Bellinzona
6494,Ospitaletto
6496,Trenčín
6498,Pro Patria
6500,Reggiana
6504,Monza
6512,Lecco
6514,New York RB
6541,Mjøndalen
6544,Degerfors
6545,Falkenberg
6546,Paysandu
6547,Penafiel
6550,Inter Turku
6563,Ranheim
6576,América
6577,Atlas
6578,Cruz Azul
6580,New England
6581,Yokohama F. Marinos
6582,Gamba Osaka
6594,Freiburg II
6597,VPS
6601,Volendam
6602,DC United
6603,SJ Earthquakes
6604,Sporting KC
6606,Real Salt Lake
6607,Deportivo Saprissa
6608,Aucas
6609,Macará
6612,El Nacional
6614,Seongnam
6618,Toluca
6619,Olimpia
6627,Eastbourne Borough
6628,Shanghai Shenhua
6631,Dordrecht
6634,Mariehamn
6637,Los Angeles Galaxy
6660,Emmen
6690,Brage
6692,Varbergs
6694,Sirius
6701,KTP
6702,Lommel SK
6721,LDU Quito
6722,Avellino
7729,Criciúma
7730,Lausanne Sport
7732,Girona
7733,Vitória
7734,Barakaldo
7753,OFI
7755,Dinamo Tbilisi
7758,Jablonec
7770,Zorya
7774,Eintracht Trier
7778,MTK
7780,Schweinfurt
7781,TOP Oss
7782,Rot-Weiß Oberhausen
7783,Verl
7786,Fortuna Köln
7787,Slavia Praha II
7788,Cambuur
7789,Jahn Regensburg
7794,Bastia
7796,Defensor Sporting
7797,AEK Larnaca 
7800,Gençlerbirliği
7801,Cremonese
7807,Guadalajara
7809,Cacereño
7811,Algeciras
7815,Colo Colo
7818,Santa Fe
7819,Caen
7840,České Budějovice
7841,Rio Ave
7842,Estoril
7843,Unión Española
7844,Vitória Guimarães
7847,Puebla
7848,Pachuca
7849,Monterrey
7850,Caracas
7852,The New Saints
7853,Laval
7854,Leganés
7855,Maccabi Tel Aviv
7856,Torres
7857,Santos Laguna
7859,Ourense CF
7862,Pontevedra
7863,Wanderers
7866,Orlando Pirates
7869,Córdoba
7870,Haka
7872,Olimpija
7876,Burgos
7877,Bahia
7878,Granada
7881,Venezia
7894,Winterthur
7896,Lugano
7937,Hødd
7943,Sassuolo
7946,Harrogate Town
7947,Dender
7954,Farnborough
7955,Neuchâtel Xamax
7961,Perth Glory
7962,Chippenham Town
7971,Linfield
7978,Union Saint-Gilloise
7979,Urartu
7981,Qarabag
7983,Tobol
7984,Portadown
7986,Paksi FC
7988,Odds
7997,Gefle
7998,Partizan
8000,Aktobe
8003,Apollon
8004,ÍA
8005,Ponferradina
8006,Nagoya Grampus
8007,Vålerenga
8008,Adelaide United
8009,Dagenham & Redbridge
8010,Tatran Prešov
8012,CSF Bălți
8014,Elfsborg
8016,FK Liepāja
8020,Górnik Zabrze
8021,Zagłębie Lubin
8023,Pogoń Szczecin
8024,Widzew Łódź
8028,Piast Gliwice
8030,Lechia Gdańsk
8037,Kairat
8039,Zimbru
8043,Újpest
8044,Omonia Nicosia
8045,Karvan
8064,Valur
8065,Júbilo Iwata
8071,AGF
8076,Qabala
8086,Sandhausen
8109,Aarhus Fremad
8113,Midtjylland
8118,Brisbane Roar
8119,Rotherham United
8120,Larissa
8121,Angers SCO
8127,Mjällby
8130,KR
8131,Maidstone United
8142,Wuppertaler SV
8149,Union Berlin
8150,Holstein Kiel
8151,FH
8152,St. Pauli
8153,ES Tunis
8154,Domžale
8155,Flora
8164,Central Coast Mariners
8165,Nürnberg
8171,Preußen Münster
8173,Beitar Jerusalem
8175,Barnet
8176,Airdrieonians
8177,Hertha BSC
8178,Bayer Leverkusen
8179,Kongsvinger
8180,Strømsgodset
8188,Magdeburg
8189,Ängelholm
8191,Burnley
8194,Fortuna Düsseldorf
8195,Stuttgarter Kickers
8196,Wehen Wiesbaden
8197,Leicester City
8198,Schalke 04 II
8200,Bochum II
8201,Ulm
8203,Mechelen
8206,Lugo
8222,Ferencváros
8226,Hoffenheim
8231,Vejle
8232,Elversberg
8234,Ingolstadt
8235,Queen's Park
8243,Wisła Płock
8245,Korona Kielce
8248,Hammarby
8253,Hessen Kassel
8259,Houston Dynamo
8262,Darmstadt 98
8270,Avispa Fukuoka
8271,Saarbrücken
8274,Floridsdorfer AC
8277,Vitesse
8278,Borussia M'gladbach II
8280,Arbroath
8282,Livingston
8283,Barnsley
8284,Dundee
8285,Esbjerg
8287,Fortaleza
8288,Eldense
8289,HB Køge
8293,MSV Duisburg
8294,Hansa Rostock
8295,Karlsruher SC
8296,Rot-Weiss Essen
8297,GAIS
8299,ÍBV
8301,Hapoel Haifa
8302,Sevilla
8305,Getafe
8306,Las Palmas
8310,Halmstad
8311,Clermont
8313,Tranmere Rovers
8314,Colorado Rapids
8315,Athletic Bilbao
8317,Mérida AD
8319,Erzgebirge Aue
8322,Arka Gdynia
8326,Amstetten
8332,Breidablik
8333,Trelleborg
8334,Ethnikos Achnas
8337,Sūduva
8338,Derry City
8339,Drogheda United
8340,Maribor
8341,Llanelli Town
8342,Club Brugge
8344,Cardiff City
8345,Woking
8346,Luton Town
8348,Moreirense
8349,AIK
8350,Kaiserslautern
8351,Leyton Orient
8355,Botafogo SP
8357,Greuther Fürth
8358,Freiburg
8359,GIF Sundsvall
8369,Debrecen
8370,Rayo Vallecano
8371,Osasuna
8372,Eibar
8385,Cádiz
8387,Ankara Keçiörengücü
8391,København
8392,Real Murcia
8393,Albacete
8394,Real Zaragoza
8395,Borussia Dortmund II
8396,Alemannia Aachen
8397,Mainz 05 II
8398,Energie Cottbus
8400,Gimnàstic Tarragona
8401,Plymouth Argyle
8402,Bodø / Glimt
8404,Aalesund
8405,Moss
8406,Augsburg
8407,Kickers Offenbach
8410,Randers
8411,Preston North End
8412,Scunthorpe United
8414,OB
8415,Silkeborg
8416,Colchester United
8417,Fredrikstad
8421,Skeid
8422,Rosenborg
8425,Enköping
8426,Partick Thistle
8427,Bristol City
8428,Häcken
8430,Lincoln City
8448,HamKam
8449,IFK Norrköping
8450,Peñarol
8451,Charlton Athletic
8453,B.93
8454,Fredericia
8455,Chelsea
8456,Manchester City
8457,Dunfermline Athletic
8458,Stuttgart II
8459,Köln II
8460,Paderborn
8462,Portsmouth
8463,Leeds United
8464,NEC
8465,Aldershot Town
8466,Southampton
8467,St. Johnstone
8468,Brann
8470,AaB
8472,Sunderland
8473,Jaro
8474,Racing Ferrol
8475,SK Beveren
8476,Lillestrøm
8478,Viking
8480,Dynamo Dresden
8481,Nancy
8482,Sambenedettese
8483,Blackpool
8484,Bradford City
8485,Aberdeen
8487,Sønderjyske
8488,Hartlepool United
8489,Morecambe
8493,Rochdale
8500,Ljungskile
8501,Brommapojkarna
8509,Sarpsborg 08
8510,Jönköpings Södra
8511,Landskrona
8512,Haugesund
8514,Santos
8517,Botafogo
8521,Brest
8522,Ascoli
8524,Atalanta
8525,Willem II
8526,De Graafschap
8527,Örebro Syrianska
8528,Wigan Athletic
8529,Cagliari
8530,Catania
8531,Bryne
8534,Empoli
8535,Fiorentina
8537,Livorno
8539,Ventforet Kofu
8540,Palermo
8542,Kyoto Sanga
8543,Lazio
8545,Ravenna
8548,Rangers
8549,Middlesbrough
8550,Metz
8554,Cartagena
8558,Espanyol
8559,Bolton Wanderers
8560,Real Sociedad
8561,Tigres UANL
8562,Danubio
8563,AEK Athens
8564,Milan
8571,Kortrijk
8577,Al Ittihad
8581,Levante
8582,Rouen
8583,Auxerre
8586,Tottenham Hotspur
8587,Amiens SC
8588,Lens
8592,Olympique Marseille
8593,Ajax
8595,Brøndby
8596,Falkirk
8597,Kilmarnock
8598,Darlington 1883
8599,Macclesfield Town
8600,Udinese
8601,Umeå
8602,Wolverhampton Wanderers
8603,Real Betis
8605,Kristiansund
8608,Tromsø
8609,Sandefjord
8611,Twente
8614,Sparta Rotterdam
8616,Sogndal
8619,PAOK
8621,APOEL
8622,Konyaspor
8623,Shandong Taishan
8632,Levski Sofia
8633,Real Madrid
8634,Barcelona
8635,Anderlecht
8636,Internazionale
8637,Galatasaray
8638,Olympiacos Piraeus
8639,Lille
8640,PSV
8641,Öster
8643,Spartak Moskva
8645,Milton Keynes Dons
8646,Boston United
8647,Crawley Town
8648,Greenock Morton
8649,Ross County
8650,Liverpool
8651,Northampton Town
8652,Southend United
8653,Oxford United
8654,West Ham United
8655,Blackburn Rovers
8657,Sheffield United
8658,Birmingham City
8659,West Bromwich Albion
8661,Mallorca
8668,Everton
8669,Coventry City
8670,Real Oviedo
8671,Accrington Stanley
8673,Legia Warszawa
8674,Groningen
8676,Wycombe Wanderers
8677,Peterborough United
8678,Bournemouth
8680,Cheltenham Town
8682,Le Mans
8683,Rubin Kazan'
8685,Perugia
8686,Roma
8687,Crvena Zvezda
8688,Dynamo Kyiv
8689,Lorient
8691,Karpaty
8692,OFK Beograd
8695,Fenerbahçe
8696,Racing Santander
8697,Werder Bremen
8698,Zenit
8699,Kashiwa Reysol
8702,Internacional
8705,Rostov
8708,Akhmat Grozny
8709,Krylya Sovetov
8710,Lokomotiv Moskva
8717,Bedford Town
8718,Bnei Sakhnin
8721,Wolfsburg
8722,Köln
9723,FCS Bucureşti
9728,Shakhtar Donetsk
9729,Sheriff
9731,CFR Cluj
9732,Argeș
9736,Oţelul
9738,Rapid Bucureşti
9743,Waldhof Mannheim
9746,Le Havre
9747,Guingamp
9748,Olympique Lyonnais
9750,Samsunspor
9752,Trabzonspor
9753,1860 München
9754,Hapoel Be'er Sheva
9755,Maccabi Petah Tikva
9756,JEF United
9757,Sportfreunde Siegen
9760,CSKA Moskva
9761,NAC Breda
9763,Dinamo Moskva
9764,Gil Vicente
9765,Portimonense
9767,Coritiba
9768,Sporting CP
9769,Grêmio
9770,Flamengo
9771,União de Leiria
9772,Benfica
9773,Porto
9774,Chaves
9775,Osnabrück
9776,Eintracht Braunschweig
9777,Servette
9780,Alverca
9781,Cruzeiro
9783,Deportivo La Coruña
9784,Crewe Alexandra
9785,Oldham Athletic
9786,Chesterfield
9788,Borussia M'gladbach
9789,Borussia Dortmund
9790,Hamburger SV
9791,Heracles
9792,Burton Albion
9794,Ebbsfleet United
9795,Swindon Town
9796,Huddersfield Town
9797,Chester
9798,Reading
9799,Port Vale
9800,St. Mirren
9802,Djurgården
9803,Roda JC
9804,Torino
9808,Corinthians
9810,Eintracht Frankfurt
9812,Raufoss
9814,Horsens
9817,Watford
9818,Mansfield Town
9819,Notts County
9823,Bayern München
9824,Vaduz
9825,Arsenal
9826,Crystal Palace
9828,Forest Green Rovers
9829,Monaco
9830,Nantes
9831,Nice
9832,AlbinoLeffe
9833,Exeter City
9834,Cambridge United
9835,Den Bosch
9836,Dijon
9837,Reims
9838,MVV
9839,VVV Venlo
9841,Wrexham
9847,PSG
9848,Strasbourg
9849,Arezzo
9850,Norwich City
9851,Rennes
9853,Saint-Étienne
9854,Châteauroux
9855,Grenoble
9857,Bologna
9859,Helsingborg
9860,Hearts
9861,HJK
9862,Goiás
9863,Fluminense
9864,Málaga
9865,Almería
9866,Deportivo Alavés
9867,Tenerife
9869,Sporting Gijón
9872,Triestina
9873,Valenciennes
9874,Sochaux
9875,Napoli
9876,Hellas Verona
9878,Pescara
9879,Fulham
9881,Spezia
9882,Sampdoria
9883,Juventud
9884,Crotone
9885,Juventus
9886,Rimini
9887,Modena
9888,Lecce
9889,Mantova
9891,Frosinone
9892,Kalmar
9893,IFK Göteborg
9894,Worksop Town
9896,Shrewsbury Town
9899,Zemplín Michalovce
9902,Ipswich Town
9903,Doncaster Rovers
9904,Hannover 96
9905,Mainz 05
9906,Atlético Madrid
9907,Lyngby
9908,Utrecht
9910,Celta de Vigo
9911,Bochum
9912,Arminia Bielefeld
9913,Ayr United
9915,Altrincham
9916,York City
9917,Molde
9918,Stabæk
9919,Start
9925,Celtic
9927,Motherwell
9930,Aarau
9931,Basel
9935,Puntarenas
9937,Brentford
9938,Dundee United
9939,Viborg
9940,Hillerød
9941,Toulouse
9950,Hobro
9956,Grasshopper
9969,Middelfart
9976,Bari
9977,LASK
9979,Kapfenberger SV
9982,Austria Lustenau
9984,Cercle Brugge
9985,Standard Liège
9986,Charleroi
9987,Genk
9988,Antwerp
9991,Gent
9992,RWD Molenbeek
9997,Sint-Truiden
10000,Zulte-Waregem
10001,Westerlo
10002,Örgryte
10003,Swansea City
10004,Millwall
10005,Grimsby Town
10006,Walsall
10007,Stockport County
10008,Rheindorf Altach
10009,Austria Klagenfurt
10011,Austria Wien
10012,Grazer AK
10013,Salzburg
10014,Sturm Graz
10015,Rapid Wien
10017,Ried
10021,Åsane
10026,Bylis Ballsh
10027,Dinamo City
10028,Partizani Tirana
10029,Tirana
10030,Flamurtari Vlorë
10034,Vllaznia Shkodër
10037,Teuta Durrës
10038,AF Elbasani
10039,Egnatia Rrogozhinë
10053,Admira
10056,Hartberg
10076,River Plate
10077,Boca Juniors
10078,Independiente
10079,Vélez Sarsfield
10080,Racing Club
10081,Huracán
10082,Lanús
10083,San Lorenzo
10084,Rosario Central
10087,Banfield
10094,Estudiantes
10104,Bristol Rovers
10105,Sarajevo
10107,Zrinjski
10108,Željezničar
10111,Posušje
10112,Široki Brijeg
10116,Borac Banja Luka
10122,Velež
10124,Radnik Bijeljina
10126,Beroe
10128,Lokomotiv Sofia 1929
10129,Lokomotiv Plovdiv
10131,Botev Plovdiv
10134,Slavia Sofia
10140,Dobrudzha 1919
10141,Cherno More
10144,CSKA 1948 Sofia
10145,Spartak Varna
10154,Hajduk Split
10156,Dinamo Zagreb
10157,Osijek
10162,Rijeka
10163,Sheffield Wednesday
10164,Sydney
10165,Varaždin
10167,Parma
10168,Catanzaro
10170,Derby County
10171,Como
10172,Queens Park Rangers
10173,Gillingham
10175,Wil
10179,Sion
10180,Mladá Boleslav
10181,Hapoel Tel Aviv
10182,Kayserispor
10185,Maccabi Haifa
10186,Ružomberok
10187,Atromitos
10188,Beşiktaş
10189,Schalke 04
10190,St. Gallen
10191,Thun
10192,Young Boys
10193,Torquay United
10194,Stoke City
10195,Halifax Town
10196,Carlisle United
10197,Southport
10198,Yeovil Town
10199,Luzern
10200,Panathinaikos
10202,Nordsjælland
10203,Nottingham Forest
10204,Brighton
10205,Villarreal
10212,Marítimo
10214,Nacional
10217,ADO Den Haag
10218,Excelsior
10219,RKC Waalwijk
10224,Lyn
10225,Assyriska
10228,Heerenveen
10229,AZ
10233,Genoa
10235,Feyenoord
10237,Malmö FF
10240,Hvidovre
10242,Troyes
10243,Zürich
10245,Slovan Liberec
10247,Sparta Praha
10248,Austria Wien II
10249,Montpellier
10250,Raith Rovers
10251,Hibernian
10252,Aston Villa
10253,Stevenage
10254,Tamworth
10260,Manchester United
10261,Newcastle United
10262,Newport County
10264,Sporting Braga
10267,Valencia
10268,Elche
10269,Stuttgart
10271,Dinamo Bucureşti
10272,Atlético Mineiro
10273,Athletico Paranaense
10274,Juventude
10276,Vasco da Gama
10277,São Paulo
10278,Hércules
10279,Castellón
10280,América de Cali
10281,Real Valladolid
10283,Palmeiras
10284,Kidderminster Harriers
45228,Vukovar
45723,Fleetwood Town
45724,Chelmsford City
45725,Maidenhead United
45729,Bromley
45731,King's Lynn Town
46038,Jeonbuk Motors
46475,Montana
47207,Concarneau
47211,Orléans
47214,Dunkerque
47403,Brattvåg
49559,Ñublense
49578,Tallinna Kalev
49615,Yokohama
49678,Blooming
49681,Carabobo
49682,Portuguesa
49683,Monagas
49687,Sportivo Luqueño
49688,2 de Mayo
49689,Nacional Asunción
49694,Baltika
49720,Aurora
49726,Herediano
49728,San Carlos
49730,Pérez Zeledón
49732,Cartaginés
51442,Henan
51443,Zhejiang Professional
56453,Toronto
59844,Sportivo Trinidense
62337,Wexford
73158,Utsikten
77755,Bangor
78785,Wellington Phoenix
80619,Bregenz
80654,Asteras Tripolis
88517,Suwon Bluewings
88657,Dukla Praha
88885,FSV Frankfurt
88998,Sorrento
89022,Universitatea Cluj
89338,Havelse
89466,Motor Lublin
89753,Hapoel Ramat Gan
91431,Sevilla Atlético
92630,Seoul
93061,Estudiantes de Mérida
94935,SGV Freiberg
94937,Heidenheim
94938,Astoria Walldorf
94940,Hoffenheim II
94941,Sonnenhof Großaspach
95039,Bayern Alzenau
95047,Bonner SC
95052,Fortuna Düsseldorf II
95103,Sportfreunde Lotte
95106,Wiedenbrück
95745,Pendikspor
95749,Hatayspor
96498,Amed SK
96925,Huesca
96953,Francs Borains
101911,Al Hazem
101915,Al Ettifaq
101916,Al Shabab
101918,Al Nassr
101919,Al Qadisiyah
102032,CODM Meknès
102033,Difaâ El Jadida
102035,FAR Rabat
102036,FUS Rabat
102037,Hassania Agadir
102042,Kawkab Marrakech
102043,Maghreb Fès
102047,Olympic Safi
102049,Raja Casablanca
102050,Wydad Casablanca
102097,Golden Arrows
102099,Siwelele Football Club
102100,AmaZulu
102102,Club Africain
102104,Olympique Béja
102105,Marsa
102106,CS Sfaxien
102107,CA Bizertin
102109,Monastir
102112,Zarzis
102116,Stade Tunisien
103598,DAC
104814,Panserraikos
104821,CRB
104822,Avaí
105552,Hampton & Richmond
105554,Horsham
106189,Artis Brno
106560,İstanbulspor
109373,Pohang Steelers
109377,Jeonnam Dragons
109705,Red Bull Bragantino
109706,Vila Nova
111120,Sollentuna
112484,Nõmme Kalju
112688,Consadole Sapporo
113054,Técnico Universitario
114830,Guabirá
130394,Seattle Sounders
132215,Sparta Praha II
132286,Orenburg
133895,Incheon United
133896,Ulsan Hyundai
133897,Daegu
133898,Jeju SK
133899,Gyeongnam
133900,Daejeon Citizen
133901,Gimcheon Sangmu
143833,Karviná
145007,Vicenza
145016,Pontedera
145498,Balingen
146408,Vanspor FK
148967,Cerro Largo
149408,RFC Seraing
149599,Durban City
149600,Polokwane City
154186,Gagra
157007,Táborsko
158085,Arouca
158316,Sutton United
158319,AFC Wimbledon
158321,Brackley Town
158390,Curzon Ashton
161195,CF Montréal
161694,Villefranche
161730,Defensa y Justicia
161743,Celta Fortuna
161744,Real Sociedad B
161750,Alcorcón
161759,Atlético Madrid B
161771,Villarreal B
161778,Osasuna Promesas
161780,Betis Deportivo
161781,Marbella
161801,Solihull Moors
161803,Eastleigh
161808,Tonbridge Angels
161812,Wealdstone
161813,Dartford
161816,Marine
161824,Buxton
161831,Hemel Hempstead Town
161836,Oxford City
161849,Antequera
162146,Ilves
162162,SJK
162192,Vegalta Sendai
162193,Sagan Tosu
162195,Mito Hollyhock
162196,Roasso Kumamoto
162198,Ehime
162199,Tokushima Vortis
162386,Panetolikos FC
162418,Club Tijuana
162904,Deportes Iquique
162922,Manta
162975,Bandırmaspor
163251,Afturelding
163363,Ajax II
163540,Paide
163782,Mirassol
164353,Nacional Potosí
164720,Montedio Yamagata
164734,Gangwon
164737,Kataller Toyama
164739,Fagiano Okayama
165147,Ayacucho
165148,Sport Huancayo
165545,Atlético GO
166865,Astana
168719,Krasnodar
169157,Banga
172341,Ceará
175388,Lokomotiva Zagreb
175654,Bala Town
175682,Milsami
175797,Rudar Prijedor
175807,Vlašim
176495,Yaracuyanos
176496,Deportivo La Guaira
176525,Spartak Subotica
177067,Truro City
177179,Kairouan
177356,Al Fateh
177361,Nieciecza
177522,Renate
178475,RB Leipzig
184615,Akritas
185504,Rapperswil-Jona
187854,Novi Pazar
187880,Botev Vratsa
187928,Sloga Doboj
187951,Suwon
187960,Cheonan City
187969,Carrick Rangers
188151,Dacia-Buiucani
188154,Lusitania FC Lourosa
188163,Tondela
188187,Petrolul 52
188191,Botoşani
188213,UCV
188313,Boston River
189475,Südtirol
189481,Brescia
189486,Pro Vercelli
189506,Monopoli
189594,Real Avilés
189631,Arenas Club
189639,Europa
189680,Real Madrid Castilla
189730,Atlético Sanluqueño
190091,Teruel
191111,Versailles
191427,Team Thoren
191716,Philadelphia Union
192435,Unión La Calera
192875,Independiente del Valle
192962,FS Jelgava
193025,Águilas Doradas
193029,Alianza
194011,Machida Zelvia
194015,Blaublitz Akita
194016,V-Varen Nagasaki
195601,Sochi
196257,Maccabi Kabilio Jaffa
197429,Operário PR
197693,Chapecoense
197815,Cuiabá
197864,BFC Daugavpils
197869,FK Metta
197870,FK Tukums 2000/Telms
198135,Volta Redonda
198616,Shanghai Port
200281,Yelimay Semey
203576,Melbourne City
205686,Al Taawon
206091,Austria Salzburg
206148,Gabès
206560,Gorica
207145,Chesham United
207242,Minnesota United
207869,Colwyn Bay
207873,Stellenbosch FC
208931,Carpi
208932,Virtus Entella
208936,Trapani
209196,Tarazona
210132,Farul Constanţa
210173,Ludogorets
210220,Municipal Liberia
212658,Campobasso
212660,Latina
212820,Torreense
212821,Casa Pia AC
213307,Lokeren-Temse
213987,Sumqayıt
238671,Paris 13 Atletico
238687,Fleury 91 FC
241064,Olympic
245905,Gwangju
248871,RFS
254228,Dainava
257518,Riteriai
267810,Orlando City
272871,Radomlje
274583,Patro Eisden
274599,Chorley
275027,AFC Totton
276267,Viktoria Köln
277990,Casertana
278960,Utrecht II
279088,Chrudim
281460,Ümranıyespor
281467,BB Erzurumspor
282326,Salford City
282351,Worthing
282365,Enfield Town
282390,Radcliffe FC
282396,Fylde
289334,Stade Lausanne-Ouchy
293257,Le Puy F.43 Auvergne
293352,Annecy
293443,Aubagne
303470,Eskilsminne
303472,Karlberg
304929,Mushuc Runa
305171,Cusco
305776,Fujieda MYFC
307690,Portland Timbers
307691,Vancouver Whitecaps
312976,Septemvri Sofia
314221,Alianza Universidad
316297,Flint Town United
316413,Ben Guerdane
316432,Samgurali
316438,Chippa United
316652,RSB Berkane
316657,Ittihad Tanger
320835,UTS Rabat
323834,Western Sydney Wanderers
338301,Sporting CP II
338302,Benfica II
338304,Porto II
348397,Llaneros
352390,Marumo Gallants
355346,Puskás FC
357239,Talavera CF
357259,Ceuta
357274,Çorum FK
358094,Prostějov
364411,Unirea Slobozia
365280,Metropolitanos
371716,Juventud Torremolinos
395613,Torque
404509,Metaloglobus
405958,Métlaoui
418688,Hässleholms IF
425692,UTC Cajamarca
426452,Hapoel Afula
429440,Anyang
429441,Bucheon 1995
429442,Chungnam Asan
429859,Magesi
439132,Kauno Žalgiris
455494,PSV II
459591,Hapoel Jerusalem
463461,Radnik Surdulica
465376,Rödinghausen
465382,Várda SE
465626,Barockstadt Fulda-Lehnerz
465631,Lierse Kempenzonen
474326,Felgueiras 1932
474518,Bra
474519,Virtus Verona
474521,Pergolettese
474592,Penybont
479143,Panevėžys
480286,Universitatea Craiova
480291,Iberia 1999
485832,Araz
488099,Kifissia
494050,FC Andorra
519457,Delfin
520517,Galway United
521005,Ventura County
536945,Comerciantes Unidos
543580,Ironi Tiberias
546238,New York City
550433,Al Khaleej
555292,Skalica
555501,Schott Mainz
557101,Spennymoor Town
557592,Steinbach
557692,FC Bocholt
558259,Kryvbas KR
560953,Cardiff MU
560955,Briton Ferry
561981,Petrocub
568569,IMT Novi Beograd
568741,GIANA Erminio
570487,Olympique Dcheïra
577619,Zira
580382,Scarborough Athletic
580438,Dorking Wanderers
581832,Ferroviária
581838,Grêmio Novorizontino
582739,Al Riyadh
582749,Al Feiha
582759,Al Akhdoud
582823,Dhamk
583129,Obolon
583690,Csikszereda Miercurea Ciuc
583877,Beerschot VA
583944,Padova
583958,Arzignano Valchiampo
584022,Cesena
584069,Pianese
584663,UTA Arad
584840,Deportes Limache
585403,Vora
585808,Meizhou Hakka
599924,Kolos Kovalivka
610365,IFK Skövde
611179,Stripfing
611956,Komárno
612014,Sekhukhune United
614318,New York RB II
614319,Toronto II
614322,Portland Timbers II
614324,Real Monarchs
614326,Vancouver Whitecaps II
614327,Tacoma Defiance
614556,Renofa Yamaguchi
616212,Seoul E-Land
624858,Džiugas Telšiai
624924,Riga FC
627694,Karlstad
628812,Haninge
649424,Juárez
655295,Alcione Milano
657277,Academia Puerto Cabello
657508,Nizhny Novgorod
657648,Paderborn II
658811,Bodrumspor
658812,Manisa F.K.
662738,Grobiņa
673053,Harju JK
674289,Peterborough Sports
674807,Picerno
674812,Siracusa
676140,Bačka Topola
676141,Železničar Pancevo
681217,AZ II
685213,Stade Briochin
722264,Philadelphia Union II
722265,Cincinnati
722266,Orlando City B
722268,Sporting KC II
736555,Hegelmann Litauen
737052,Chengdu Rongcheng
739800,Hwaseong
741328,Los Chankas
750462,Vestri
752833,Kfar Kasem
770928,Pineto
771910,Spartanii Selemet
773642,Leicester City U21
773645,Southampton U21
773649,West Ham United U21
773650,Stoke City U21
773652,Chelsea U21
773653,Everton U21
773656,West Bromwich Albion U21
773657,Sunderland U21
773658,Norwich City U21
773660,Middlesbrough U21
773678,Brighton U21
773680,Derby County U21
773683,Wolverhampton Wanderers U21
773685,Blackburn Rovers U21
773686,Reading U21
773958,Atlanta United
776638,Sporting FC
780591,Unionistas de Salamanca
799249,Hereford FC
805913,Always Ready
820969,Imabari
821875,Ansan Greeners
828265,Pärnu JK Vaprus
833649,Gimpo Citizen
833651,Chungbuk Cheongju
841094,Arlanda
852755,AS Soliman
855904,Guadalupe
856680,AŠK Bravo
857444,Hapoel Hadera
859316,Rukh Lviv
860798,Newcastle United U21
860800,Manchester City U21
860801,Fulham U21
860802,Tottenham Hotspur U21
860934,Iwaki
863838, Esenler Erokspor
864269,Hermannstadt
865163,South Shields
866109,Ararat
866111,Noah
866690,Richards Bay
867280,Los Angeles FC
867620,Audace Cerignola
867623,Team Altamura
879029,Universitario de Vinto
885256,Volos NFC
914196,Serik Belediyespor
915806,Atlanta United II
915807,Nashville SC
915983,Orbit College
916336,Binacional
916701,Stocksund
920788,Deportivo Garcilaso
920789,Atlético Grau
930027,Shenzhen Peng City
944173,Arda
946908,WSPG Wels
949030,Metalist 1925 Kharkiv
950070,Khemis Zemamra
950214,Arsenal U21
951893,Sabah
953498,TS Galaxy FC
956184,Juventus Next Gen
958325,Independiente Petrolero
960720,Inter Miami
969268,FC Košice
981193,SK Super Nova Salaspils
1004921,North Texas
1011931,Stockholm Inter
1014174,Orense
1029687,Wuhan Three Towns
1055181,General Caballero JLM
1068353,Dynamo Makhachkala
1068364,Akron Togliatti
1070257,Manchester United U21
1070259,Liverpool U21
1070261,Aston Villa U21
1074320,Estrela Amadora
1074622,Real Tomayapo
1075325,Ypsonas
1078402,BKMA
1099941,Šiauliai
1104719,ADT
1114695,Salisbury
1121686,New England II
1121750,Maccabi Bnei Raina
1123073,Ibiza
1144284,United Nordic
1154238,Baník Ostrava II
1168646,Telavi
1170234,Mazatlán
1173026,Club Brugge II
1175395,Veres
1177187,Leeds United U21
1177310,Hapoel Kfar Shalem
1181312,Polissya
1209973,Macarthur
1218886,Austin FC
1218969,La Louvière
1221604,Athletic Club
1230631,Gareji
1233534,Treaty United
1234149,Turan Turkistan
1242560,Sportivo Ameliano
1267874,Crystal Palace U21
1267963,Rayo Zuliano
1281818,Iğdır FK
1283248,Qingdao West Coast
1295924,Dolomiti Bellunesi
1297060,San Antonio Bulo Bulo
1297346,ABB
1299349,Atlético Tembetary
1314965,Arenteiro
1323940,Charlotte FC
1331261,Ariana
1340094,Amazonas
1345405,Libertad
1346404,St. Louis City II
1348103,Colorado Rapids II
1348104,Houston Dynamo II
1348105,Minnesota United II
1348108,New York City II
1348109,Cincinnati II
1348111,Inter Miami II
1348115,The Town
1348118,Chicago Fire II
1348126,Columbus Crew II
1349498,Anzoátegui FC
1378461,Anderlecht II
1378463,Genk II
1379188,Gent II
1389162,Nottingham Forest U21
1395678,Epitsentr Kamyanets-Podilskyi
1395689,SK Poltava
1426348,Kerry 
1427854,Deportivo Recoleta
1427963,St. Louis City 
1445755,Huntsville City
1446544,Vinotinto de Ecuador
1451868,Crown Legacy FC
1451870,Austin FC II
1451871,Los Angeles II
1477043,Dalian Young Boy
1477056,Yunnan Yukun
1504766,Real Oruro
1504770,Gualberto Villarroel SJ
1523706,Al Kholood
1523707,Al Najma
1524591,Atalanta U23
1573153,Juan Pablo II College
1610955,Carolina Core
1614087,Zhenys
1622701,Ulytau
1642068,Auckland FC
1667898,Guidonia Montecelio
1669235,Jeunesse Sportive Omrane
1691612,Ironi Modi'in
1691614,Kiryat Yam
1699505, NEOM
1701119,San Diego
1763072,Kudrivka
1786024,İmişli
1786714,Yacoub El Mansour
1790497,Internazionale II
1796111,Birmingham City U21
1796112,Burnley U21
1796115,Ipswich Town U21
